{
  "DIT": {
    "APIAuthSettings": {
      "AuthAddress": "https://login.microsoftonline.com/2f57b6c4-17e4-4965-ac1a-85ccccbe6c4a/oauth2/v2.0",
      "AccessTokenResource": "token",
      "Scope": "https://dev.int.api.schroders.com/user_impersonation openid profile offline_access",
      "ClientId": "01c67d88-ef43-441e-a155-0432d82402a8",
      "ClientSecret": ""
    },
    "BaseAddress": "https://dev.int.api.schroders.com/schroders/link/admin-portal/v1",
    "BaseAddressMessagingCenter": "https://dev.int.api.schroders.com/schroders/link/messaging-center/v1",
    "TestEnvironment": "DIT"
  },
  "UAT": {
    "APIAuthSettings": {
      "AuthAddress": "https://login.microsoftonline.com/2f57b6c4-17e4-4965-ac1a-85ccccbe6c4a/oauth2/v2.0",
      "AccessTokenResource": "token",
      "Scope": "https://uat.int.api.schroders.com/user_impersonation openid profile offline_access",
      "ClientId": "563079ba-1c97-4370-b9bd-9aabde73f341",
      "ClientSecret": ""
    },
    "BaseAddress": "https://uat.int.api.schroders.com/schroders/link/admin-portal/v1",
    "BaseAddressMessagingCenter": "https://dev.int.api.schroders.com/schroders/link/messaging-center/v1",
    "TestEnvironment": "UAT"
  }
}