{
  "myClientService":[
    {
      "ClientContacts": [
        {
          "FirstName": "Alejandro",
          "LastName": "Areiza",
          "EmailAddress": "alejandro.Areiza@schroders.com",
          "ActiveDirectoryLogon": "",
          "TelephoneNumber": "12345",
          "Title": "SDET"
        },
        {
          "FirstName": "Bence",
          "LastName": "Farksas",
          "EmailAddress": "bence.farkas@schroders.com",
          "ActiveDirectoryLogon": "",
          "TelephoneNumber": "12345",
          "Title": "Developer"
        },
        {
          "FirstName": "Harki",
          "LastName": "Sikotra",
          "EmailAddress": "Harki.Sikotra@schroders.com",
          "ActiveDirectoryLogon": "",
          "TelephoneNumber": "12345",
          "Title": "Developer"
        }
      ],
      "PortfolioGroupCode": "GB95560RG"
    }
  ]
}