{
  "DIT": {
    "APIAuthSettings": {
      "AuthAddress": "https://dev.int.api.schroders.com/schroders/link/core/v1",
      "AccessTokenResource": "auth/token"
    },
    "BaseAddress": "https://dev.int.api.schroders.com/schroders/link/core/v1",
    "TestEnvironment": "DIT"
  },
  "UAT": {
    "APIAuthSettings": {
      "AuthAddress": "https://uat.int.api.schroders.com/schroders/link/core/v1",
      "AccessTokenResource": "auth/token"
    },
    "BaseAddress": "https://uat.int.api.schroders.com/schroders/link/core/v1",
    "TestEnvironment": "UAT"
  }
}